f1(x),f2(x)
18.93499825179508,-4.354717791745102
11.393999203815897,-3.37997104359377
18.688064946035112,-4.320210865761843
13.323018076267966,-3.6537248817909895
2.85955724747696,-1.7120346209943529
-0.7947368327415845,0.4835716677311307
-0.8178405647417831,0.5267258531029648
-2.4847448999852255,6.181564499927159
2.8215130415011958,-1.7009288499246773
-1.5825821805043714,2.429335497633437
0.2815567060906218,-0.6708538966428024
2.1802443312637987,-1.5041712707350376
-1.6648142594228024,2.7259706268648416
1.6973559775602984,-1.3375067732046495
17.525500832611833,-4.189757751751562
-0.9204374513474474,0.7183439883993741
14.334027051756793,-3.7878695615577462
0.5614106573496261,-0.8388049517814469
3.8797569715706457,-1.9855448753192875
11.29521611233446,-3.366345437253453
10.943461127308138,-3.3132404210679756
7.820943922393236,-2.802070492570936
10.87698809917096,-3.295720930565598
1.2067457904235641,-1.1459872070688428
16.58737077651195,-4.072479668842008
19.818783105134894,-4.454806595174686
11.309826684162141,-3.36845450339542
1.8252203216342515,-1.3833528522135168
11.539806924038537,-3.4017095901621333
1.7912006031601975,-1.368988592024167
-0.20741578385112125,-0.2811456687812157
8.437846216742084,-2.9071705419730867
19.042337183681994,-4.365895504220705
24.145010703657427,-4.9160511466477175
3.427717234127081,-1.866103532898502
18.526138712056607,-4.307004532967643
0.9544058764543801,-1.0353564979407666
5.603697356755621,-2.377164500974265
2.08026888121089,-1.470873644059069
8.079837749967421,-2.8496634668887055
4.025178893907355,-2.0178102301027803
-0.19887133395208678,-0.2987550693422399
1.4987855855405352,-1.2631696675377917
21.32896223079895,-4.621179943300422
14.061168456860523,-3.7490850601539663
17.802532181158163,-4.216640395952916
3.1113475512452764,-1.783420527617966
16.860467303357332,-4.1054069724748095
1.0491005074491142,-1.0709739608792057
13.884457309473605,-3.7306662298129645
18.46469324448008,-4.293984861946035
1.4301912103940628,-1.2265370216410036
9.337909455098961,-3.0624524258338655
2.3529805813467153,-1.5592249438925907
2.2072128820907677,-1.5127958109986457
-0.9365980292719692,0.7489309818213394
1.4315837182596391,-1.2355196682523177
0.6462832013929793,-0.8843872877999214
-0.25008732417600815,-0.24871620213393192
1.3408778135869324,-1.2009455122734496
-0.5217158671907018,0.06394879481275273
-0.6432991508407984,0.2496890741016655
1.222040569324164,-1.151760199934952
-1.6926022725147718,2.7949186444001684
1.996011971094286,-1.4427775730908887
-2.4511966419693416,5.9576749869311065
15.528241791242353,-3.9416795658370263
0.5667303960802389,-0.840745692241305
21.01331008433758,-4.586905116889644
4.571049733960695,-2.1511764640082696
18.621624934050715,-4.318312404365107
5.326829497292452,-2.3182408504992975
23.61863394590948,-4.8625356948022915
9.57360606819479,-3.1004788469466313
16.16289068926227,-4.022586172996221
14.763804900785622,-3.842828194262798
13.971717865926646,-3.7422107692445064
15.103234560042427,-3.890412473985709
4.2389012403794535,-2.069252072325487
23.51888607011901,-4.852266495686429
-1.53281930827539,2.276655379592868
24.20400171033213,-4.9222100611280695
13.208636004325125,-3.6390098022317603
-0.42574094157456366,-0.05405290412490754
-0.3638462762040442,-0.12473131079883737
8.635443385554558,-2.9451920680834944
-0.7428879755942916,0.39490020306536205
2.949613787535023,-1.732967162183204
-0.5006028706531496,0.04301850871218499
-2.7449373807708075,7.4893417929939785
5.139614072145071,-2.2784987702853416
13.006186322404085,-3.6108230771025536
-0.28928324505907516,-0.20749651293965662
4.1518249156616305,-2.048069983419562
-1.1691770271577968,1.2790913644580748
-0.9434834709681394,0.7716560160024295
14.682600781349418,-3.836013624107255
24.49061981947194,-4.92463432782753
15.157264665843288,-3.8970769123313236
16.271868458145697,-4.023627564265374
-1.8656662454044532,3.4164963711110974
4.524928032998349,-2.139136048940081
1.752777712405781,-1.3547224272746197
13.379162111246657,-3.6623209896388156
6.265200331515561,-2.511980440899578
13.319145903771524,-3.6435047557548295
3.6940446518300694,-1.9385760205288158
9.86617666345508,-3.146999987298017
-1.5912685617810232,2.4661566101769727
18.900330904821203,-4.33934976023319
1.8768057930833641,-1.3947077987441614
10.510862601206043,-3.2402940348065083
7.228604761277375,-2.688396714634907
2.1407097226157217,-1.4881249625083706
9.328343863574524,-3.046788334428721
1.6231522467904511,-1.3097146986843986
6.1882015298112965,-2.4943976202082827
1.527824114689786,-1.2702349256814232
-0.5091622754068599,0.055172216675815844
-2.9628859734231283,8.737680355854561
9.059455631420176,-3.013090973844837
19.611588682639134,-4.431372270022573
-1.706405480543201,2.839326885029621
19.392445025784554,-4.406544707768297
9.44731702545235,-3.065584268315023
-0.2687358697615645,-0.22503804395964455
22.741577637539304,-4.770904014227557
2.1401591215479403,-1.4860518028787064
7.890251268102212,-2.806769794811129
-2.6937677658290533,7.214438948294487
0.4463434550723048,-0.7720821557858943
14.798083945685395,-3.8453721795575158
20.566768870461456,-4.537026882350712
-1.4692977377203755,2.0747538953652875
-1.4991149856085937,2.1650840077478617
0.24811041013911728,-0.6497278626976764
0.15025729670481647,-0.566590823889157
4.980559968197775,-2.239757342760998
11.786373806091266,-3.4365824931044853
-0.43042855712160216,-0.05169268355804291
-1.1228398115772686,1.1555375337009732
22.63251147024089,-4.753372488015473
22.495114528904647,-4.745667016313962
-0.18171322400867268,-0.3031928880542432
-1.2037243313655164,1.3543869139400915
-0.40595475933783787,-0.07509502565253806
0.2713289000843653,-0.6649153323156746
24.190830073986497,-4.918688832041852
0.05301567245140093,-0.5132488207582794
1.899329628072735,-1.408234846154484
3.5381303047823396,-1.8921903117923575
-0.457871065280412,-0.01768881661606614
-2.291079018857354,5.225470442007586
14.175442733571685,-3.7669091397782717
2.51132670126613,-1.6051648686803996
3.998545951584795,-2.0117625485032984
19.8811085381081,-4.461959788098706
2.251390987015153,-1.5155572538891715
7.572773995861392,-2.759496774972196
8.50640988374584,-2.9238191152571855
0.5109825577976943,-0.8108215234910044
2.523806563587538,-1.6100484400159492
15.172791640372301,-3.8974588247311366
11.285188984547109,-3.3608221955839777
-0.7425899816826457,0.39345396233561536
0.6344916800028382,-0.8765911817140496
2.815426472059893,-1.6939277845250962
7.565261199408013,-2.7587091572799105
15.036442146636102,-3.880270266906332
19.694643619206857,-4.440294416855784
5.00551790234783,-2.2492448301761985
6.76027175445438,-2.6091631001108895
2.829722991151232,-1.7031009799964867
-0.5909758388008671,0.16180988419300674
7.914493720942933,-2.821122610056244
6.003128404472575,-2.454576116386828
22.34612802711385,-4.729633509183978
18.35102665560269,-4.279065414261175
2.566093598567134,-1.623224009339946
0.38308718752870213,-0.7348704972732572
17.623436463657086,-4.194118225042133
-1.1224008168403792,1.154024135632227
1.1507579863457842,-1.1207566801572688
1.3424591621305582,-1.2018595834843457
3.091804224572133,-1.7719829641888234
19.755402467113065,-4.447029347502155
3.6552945501379526,-1.927790310330883
19.435155042691008,-4.4114263241489775
5.570282483032964,-2.3664613205763456
-0.3677625946264308,-0.11984527950108298
5.279836657485649,-2.3079744197997605
24.81071473608842,-4.969920564089374
9.853709906846921,-3.1444321081834317
14.075639420116339,-3.7551758768620176
23.1381843145134,-4.812749248528373
13.910116525660392,-3.734105686933631
2.268133720558534,-1.5326400597172705
8.565247561808736,-2.9331328382820256
0.6979978493614132,-0.9017719785068987
17.16612243531882,-4.146290360367368
-0.0546381151806663,-0.42725674324009066
8.162204852542477,-2.855651292338335
1.2057208459929023,-1.1438888429193508
-0.09031793990198816,-0.38343992874397054
0.8932240543526829,-1.0069321860200446
4.338306898435974,-2.0913022458991466
-0.21363622515468594,-0.272590023188034
-0.6865853471487429,0.30292296273079
17.45508465637308,-4.180392295378886
-1.6842778409133206,2.7650731918366382
4.423672880998486,-2.117118251054385
3.519629424353805,-1.8882194229632816
0.7400413144176345,-0.9320625443993278
-0.7500514356450423,0.40958976374318556
15.12177285371421,-3.89056595983302
17.72473657598931,-4.212873383010883
12.6563968791597,-3.5624990669331837
10.008727108321857,-3.169190178809131
14.007383426979255,-3.7466683600780026
2.6817333617746018,-1.6537064970138629
18.239546664747323,-4.273401476712942
9.77088095482424,-3.12988199835542
13.026986929222936,-3.611679754306027
24.554018524592966,-4.957660999262561
1.65053221579329,-1.3187009880836313
21.898996785069944,-4.682303106334414
-2.6273617251243713,6.85562664838055
5.179178311933827,-2.278905863676028
12.826328136631234,-3.5839008292608185
12.646012391752008,-3.559142003848453
12.254192037701985,-3.5024701918193233
-1.4405076336105151,1.9892172906731855
-0.8849130630094456,0.672920061152571
15.408878038982674,-3.9116706690033634
0.5244984255891141,-0.8182566034670742
-0.4868059756814197,0.01863758276381483
10.768941906958666,-3.2873862965831764
5.126642706050223,-2.275464171733931
9.588617753841323,-3.101448225782596
17.320140466503872,-4.163085298116196
-0.29216475047400603,-0.19492277354785487
-2.0636366658508245,4.2299813580327905
6.483014419942501,-2.5555520547203483
-1.306382611682926,1.624903129512861
-0.463242463284152,-0.01006359655443434
9.557452268597054,-3.097942441136687
-1.6969152639791354,2.806459665871655
-0.8701624536082189,0.6367081374093976
2.105331720661766,-1.4776245373595536
6.9906775131108825,-2.6522692301997592
-1.3569387204119474,1.751238968224659
0.9515211316791599,-1.0336539889777527
11.990681209217472,-3.467103843813519
-1.020966431415168,0.9310522693986578
1.006321278537457,-1.0580137122772706
0.5773677937064723,-0.8464388326682208
0.5891204923706574,-0.8537011818704555
-2.2894269003389707,5.18919924972008
14.722506427273338,-3.839047588696359
23.54019138752704,-4.853815369159067
0.22271205158828694,-0.6259347925527173
5.939797155154225,-2.4386700539827117
-1.5047966426138768,2.1923129985177434
12.777213214435552,-3.5792871795125265
16.661542482831283,-4.083042865400218
16.353054008967455,-4.044772323585266
15.745280075813312,-3.971908618423832
-1.6485081531671604,2.6422681850742107
-2.9436990314386713,8.701846198281947
15.236064058234017,-3.9053590174050083
-1.2979230069369188,1.6133839844130438
-1.5294248200964462,2.2581309628235697
1.4458841574435295,-1.2422479841879321
6.7219795450546975,-2.5983334751875544
-2.044884950890872,4.123665082231135
18.439099437922376,-4.292851664646496
-1.0820952495798997,1.0788220502835548
12.6891985252065,-3.563959514308587
-2.8038127479617687,7.8189123613815
-1.8881901377998966,3.5330105302763712
-2.838806475722212,8.048098415264553
-2.7897157668025727,7.73895116521539
-1.536122031316251,2.299622079339344
-0.7658031472119828,0.4323113432063661
-2.565897601307036,6.55349417794951
0.2702243995972319,-0.6619581348774336
-2.8207809759736744,7.913912297060128
-1.5432357391188591,2.301273489655553
-1.7688777532891697,3.0955545531431676
-1.7999845127134062,3.1731798669191025
2.659589834277551,-1.6527792225789404
12.198569745956917,-3.49023956011756
-0.7456701645154125,0.40322374627213775
-2.2645191042640334,5.0763074512587
-1.8506188068158715,3.3895222673611816
-0.7384415728512553,0.38913856770523353
-0.35666179651255336,-0.13734325313047235
11.372426456526682,-3.376357237804332
-2.0258139980173886,4.118991252735963
3.7646500859634298,-1.9565856101868009
0.19893047207872727,-0.6169640743679656
13.964989611081737,-3.741430843480918
7.184041830577797,-2.685907392562946
-2.9883582474927866,8.889447309153624
0.0169596802516927,-0.48068308140106
11.846849642579214,-3.446899604970103
-2.845979915510517,8.059491720815759
0.4438488648150384,-0.7692030329320423
0.1252447535402877,-0.5643151193816698
-0.23934473941497078,-0.2598861310751944
-2.3115632061261224,5.444123875435829
-0.3634994378545782,-0.1291310788927324
-2.2030048721988553,4.813585643954721
-1.3991732098184282,1.870035610073697
-0.45965654637873943,-0.014586090297353804
-2.0026963083767293,4.060666721280208
-0.14183280346048205,-0.35249609561063544
-1.57376318360999,2.418571402310041
1.8227589655589918,-1.3822014649273537
-0.22692934609823923,-0.2699989371794098
-0.9311560030933144,0.7379517543413845
0.1531792763486487,-0.573823112824102
20.315156405938588,-4.509134935525971
-2.298869744013513,5.301923510201108
-2.1414408452855245,4.53202120742655
-0.7764688807850127,0.4599364813457567
0.2516727949486385,-0.6514528694068603
-2.3449978750814666,5.477700649844139
-0.8875938705443882,0.6981430796534571
24.496716405174613,-4.92779367872941
-1.960401690157489,3.7959818443990527
-1.0313630748732407,0.9614249548529384
-2.432949343220585,5.868454689541647
-2.9102557900524877,8.523826223981592
-2.265820543426932,5.096437464462219
0.4801390625905655,-0.79349485154592
-2.0200101571082163,4.098984829475468
0.4183514243297898,-0.7518456621801868
5.67389577339491,-2.386015075943684
7.697391940725868,-2.7818950631650083
16.016384800317525,-3.9976829763503128
22.53915623194103,-4.74999009277253
-0.24144356320486332,-0.2510867197596168
-2.2283515037059596,4.909670947740773
20.60900586120907,-4.541406994842471
-2.5747582012955395,6.683273849843342
-1.214389457115253,1.403397647687897
0.2629349592594698,-0.6564557273373415
1.6220584183002176,-1.303595208711044
0.7960709567285236,-0.9602885214891625
18.085202579210225,-4.247062370114645
0.09885054107658592,-0.5438131368410152
-0.7953815616956739,0.4878722729867101
-1.521690959727524,2.244547311364308
-2.8891625953353905,8.3167130084591
-1.4591197199691206,2.044413422443817
-1.708477424098889,2.846342386312224
1.9425012763261564,-1.4201581409135262
21.630033140891463,-4.653460139693922
-0.633218540433361,0.2223533735774239
5.312997765387274,-2.3104172984893614
-0.48172656334317576,0.012666864803827727
4.869671405943649,-2.2150500691213137
-1.8332616053657886,3.32960316757641
8.401137729012492,-2.904629349445673
-0.16547459733830489,-0.32920416867007896
6.614015633110987,-2.573308870833499
12.171499979416296,-3.4853767276284633
4.89755706761459,-2.224597626285433
8.786344628690701,-2.9700522820180777
22.441847090522955,-4.735396080163875
0.5851600724553386,-0.8516523949331004
-1.4885514524752412,2.1333137854783852
5.856945645679693,-2.43041122635792
-2.4545070013565136,5.973880200770827
13.799141148830072,-3.7190406262043294
-2.595938692453074,6.698322651158635
-2.5302636584980793,6.499153457482437
-1.1364685196052016,1.1839746792668522
-0.6277910607228363,0.21287580554039343
-1.1364985100110792,1.1840457847294905
5.123358813286175,-2.2753696024959567
-0.15263282642309967,-0.3423659187146276
-1.4943506442964742,2.1510354223678
4.460281859987882,-2.125000854936584
2.6543426065540907,-1.651091915663049
20.711691408683397,-4.553945158163644
2.6422419654335783,-1.6480913805861475
-0.6588551879108566,0.2594317331052472
0.7756428491699021,-0.9476113411768702
-1.419408821306608,1.9284075258608697
-1.7862375309238847,3.1210454456010344
3.80934796488045,-1.965251864015325
1.50182698629487,-1.2641386457561095
8.177882650303982,-2.8672964241764123
7.234995882634988,-2.6940861528927504
-0.45701128566584936,-0.018493754819319086
0.5194115226322409,-0.8156902010784813
0.5788731650436116,-0.8478725092193972
1.4597115853760185,-1.2472797174226353
2.185509815488072,-1.5057159176126642
4.05918948774661,-2.025555023736804
1.132483880458446,-1.1123182143320405
4.28394164442852,-2.0822124600687295
3.5522469350857695,-1.9019745875081517
-1.6288253611452008,2.5800689159317254
-0.5854587859904801,0.15985023716467917
-0.9532544675385035,0.7833582413223237
-0.13914743731404172,-0.3548613608921468
2.3426779161344022,-1.5560013661303054
8.19575076949615,-2.867571217648697
-0.49489443326949956,0.0286773942007284
0.8467716579023608,-0.9839131464762141
-2.512927211184386,6.3085228439570695
2.7389074478832014,-1.67714023073283
-1.5044798416824339,2.1857231115063422
3.27874676067844,-1.827983774799389
-2.571334555503812,6.563252355887211
3.2534385106895565,-1.822047010424737
-0.706668812750274,0.3349117908923024
-0.22982388160585643,-0.2627616593805416
-1.2397811863654016,1.4567028488850877
12.349674939560312,-3.5091408962192094
15.549757458101142,-3.94356760545064
-2.861572218552132,8.145133969573255
0.8777145501356893,-0.994880814298969
-0.7454012298533891,0.398146382600037
7.245687722083624,-2.7002174691753376
7.329415710893125,-2.7154538090079545
-1.2477194202649393,1.476645277781553
1.5821239839545291,-1.2914039042961818
1.989939310978287,-1.428849035798926
1.9472499298546635,-1.4221233694249666
4.322375319709185,-2.090949128750415
0.8504239895258098,-0.9861751991660151
12.578239869802559,-3.52486451728184
0.014558281651453453,-0.4802651482913186
0.16662651541744639,-0.5961652145960888
6.279795935928991,-2.515638265173325
-0.736338399728355,0.3833995330039426
-1.010245404215987,0.9233515370979872
0.9691364988262254,-1.0365869782200423
0.19331575717333166,-0.6143557742826318
-0.08087433192492938,-0.39593745557982835
0.268534939562867,-0.6608138798383425
-1.1575572932549276,1.2485847952679598
-1.207813924859196,1.3637411398913952
0.9523933728763339,-1.0344729907345664
-1.0050762775505928,0.8903536801144012
3.4600022247064772,-1.8771680745315298
2.832614922539193,-1.7044176478861535
3.011891877251482,-1.7485256350388196
19.024181389475697,-4.355053451214881
-1.9816622793216196,3.9147784424433585
6.404364416556552,-2.5369470895470294
6.646734249713688,-2.5860352513557507
12.252718126637221,-3.4960228526914903
14.669595452175585,-3.8329040685560143
9.828985576464643,-3.13629971060593
1.2928302735192507,-1.1753933478173004
3.6191620574643557,-1.919352839562978
13.780367877699545,-3.6996507896108914
24.997259134780858,-4.9997104118739655
23.961258478461513,-4.897142698118956
5.488378949364162,-2.352689262579578
14.993459578826174,-3.876298303722664
3.2296951496708832,-1.8134183616101076
2.176736661898926,-1.4904492442201347
22.224460543020008,-4.7096055419348595
-2.48603105434464,6.191159463799553
20.037156841160254,-4.471908004169041
20.67366340367203,-4.546156153467348
-1.1646128338500514,1.271663806688072
-0.5073818209465786,0.04943107699214744
-2.8810239411841136,8.257152757010237
-2.67275966801578,7.133941683399988
10.834424836903368,-3.2931878986771403
-1.2583128329115807,1.4932834302888065
2.2544922543029298,-1.5282643996761078
5.8272942649235455,-2.424560686642185
23.847474907758745,-4.885765587668374
7.787956216197465,-2.7963629006937736
1.407732577349443,-1.220514467908142
11.279764876122666,-3.3494929491053216
4.801663847114372,-2.203258440768839
24.664280079109975,-4.966471722836776
1.3088596798210625,-1.1855018851110095
4.8414632428473166,-2.2047082125851922
0.8355159965601726,-0.9787618496832059
16.464686490863,-4.060855798936092
1.1226492530447714,-1.1033634753853057
-0.4714514922649593,-0.00038495223644641197
23.8844788918136,-4.887911646409904
0.29754736008960575,-0.6745890595009622
11.96271257660679,-3.4526539929877846
0.1732253334330749,-0.5975593193408795
3.592944818938227,-1.910664622201573
20.257151595050615,-4.497798887057362
7.164474131860825,-2.680775393744264
0.4858327901032846,-0.7967458158584424
17.397150467332377,-4.17437316931197
14.922572869478405,-3.867121503380162
13.942954999508853,-3.7377258432174965
18.706817407078645,-4.327682684578776
12.003575873067907,-3.4678042144086856
22.821621858322743,-4.778165586255396
15.057300122958363,-3.884404205315138
1.750155235060225,-1.3545250235323996
4.414476338292468,-2.1149364019320163
23.72992185902931,-4.867519427420493
9.068978038313121,-3.0182304435076333
1.1115086821250244,-1.0956039889598912
16.132758525949427,-4.014595975607059
7.8984200727047575,-2.8181572710849387
2.265707138093641,-1.5310480953394159
7.106945228118594,-2.6715441874597032
8.108569604429777,-2.8549986275792656
-2.435784898159007,5.883278308707954
1.0032127660861685,-1.04243483871103
6.9324368916319425,-2.6396799802496416
6.459142905780844,-2.5510879068443835
0.36028218704750176,-0.7225568047368632
-0.16785000862465038,-0.32556455651337823
-0.640672485200924,0.23184896191464677
-0.2558480040288219,-0.24275626551695006
19.91534545831078,-4.4655228331812555
5.605684407773684,-2.378677447854107
11.34127297870247,-3.37296371067486
-0.7637510927651282,0.4305809672334405
1.276370418733395,-1.1749708160454906
1.2714676517515442,-1.1723256690420727
-0.30485735603553293,-0.19080190482203604
0.06091845579179711,-0.5194387613305181
13.954167924292879,-3.738588285358699
12.939303347626337,-3.5967408614935032
0.1066890757292488,-0.5475962789477471
-1.5489047755796461,2.3197359610959687
15.36959293815009,-3.9069187605214024
22.73151534453542,-4.767304402252516
-1.990218445759712,3.987528265219573
9.130157552672513,-3.027927845837333
0.9056534766065791,-1.0086018376525847
0.7684633485722929,-0.9456439423189887
2.8753032605556452,-1.7161089866694725
6.0970448795307535,-2.47769535029812
21.336292583980068,-4.622030521582707
1.5487139703158308,-1.2781968911401245
23.340126139232535,-4.8306639157950535
-2.3569579930065387,5.5226556254634005
7.671907305749377,-2.777918280465082
-2.5290531324176513,6.36721728379485
12.408003396677225,-3.5168339192364284
20.679182903900923,-4.549952386942788
-1.1246875531169267,1.1596405218484995
19.535685473125213,-4.414674174637728
6.55833736352111,-2.5657098655854558
8.763136285147976,-2.9658678721126495
17.982046352433773,-4.24331713136436
24.829984540346622,-4.985422701403083
-2.764148358714862,7.638874074114346
0.19130253921290552,-0.6127979407831143
-2.1732413424272403,4.671840914396014
-0.5745927252948891,0.140299287249543
-2.178931135657294,4.691919891769568
0.2650739996046174,-0.6586660353374589
-0.12082779690134021,-0.36390093692108993
16.032212192648277,-4.007276653902498
-0.8469851753875712,0.5793277668534726
-1.5803474233892374,2.420812797686894
2.592071859423249,-1.6281123741596537
2.075295728544627,-1.4628860033895454
-0.12267152688726696,-0.3620197195382142
-1.5659942547875039,2.37381718179221
-0.4089293353004326,-0.06555828214806886
9.685372313409259,-3.1183452563427734
15.489712383847943,-3.9391699073710185
20.81347703840569,-4.564346638581731
16.870092939725357,-4.110335108680474
7.473373427829008,-2.7393112553679426
9.230606730127162,-3.044394418890471
1.076596660239875,-1.0901390029407956
-0.3893962315793805,-0.09364141384008401
0.5999379135128493,-0.8596590252178247
2.8626060697798614,-1.7132112506687678
1.068444767818594,-1.0865295611781656
7.737698070170104,-2.788943453170643
14.499306162064432,-3.8117983977705205
13.15546596468513,-3.6310445151569217
4.440550266942071,-2.1210787931775386
8.3586097609293,-2.894242361200545
-0.8446748194562519,0.5767314277809004
-0.6135016654561086,0.19182969697810415
3.040314545102738,-1.7600278296314922
4.773527116484056,-2.1977516879670103
0.3538758852822028,-0.7066667314324044
-0.43081065320791345,-0.02874353559632592
4.713571833493694,-2.1736761019293223
2.442113890997643,-1.5874564540665086
0.3929961874152005,-0.738974239864926
2.976154870162953,-1.7374959459949035
-0.7187012488103768,0.3620259175896974
15.438550035784028,-3.9257774388830122
5.930482136762478,-2.4384961416861812
3.943817199337619,-1.9955616711904163
-0.955430006355658,0.7922443793651606
10.675096324488099,-3.273068308899603
7.952406558889475,-2.827315479424792
12.04690401286235,-3.4744976565755534
4.722469077737373,-2.186179051977704
2.3047410237383033,-1.5442748778889035
-0.4983849964884925,0.03480500338423237
-0.06296225005643591,-0.41580778652949135
-0.4007087369027985,-0.08195716618522703
2.503755434539253,-1.604104978423759
0.786978077871785,-0.954627468414481
0.09216908555060005,-0.5427538880728746
-0.5505937689551189,0.10269194089045741
-0.5938456272132684,0.16624413771028568
0.7331418278755313,-0.9272462715265601
0.8543788263836791,-0.9876330471985323
-0.9784759842444744,0.8435057799300799
-0.05758797796909615,-0.42357906402788725
-1.91971926769149,3.62052261496977
-0.9156496800585149,0.7144977948193203
-0.6248482878857966,0.21206066028707515
0.8889132808267209,-1.0030549201150212
-1.9134561167488462,3.6153482478434817
-1.2359178823826524,1.4279305270536162
0.9091507306569615,-1.013852779110323
1.5334256792558327,-1.2731610138985965
2.3231760293440296,-1.546837444354793
-0.46095249498985047,-0.014267756516091079
0.7233336422130775,-0.922924067382122
-0.6202001050937112,0.20160882771926913
2.7560118483934257,-1.681481381957221
3.3272031781038023,-1.840803007658094
-1.0508544450231492,1.0061076574377072
-0.13166975463274644,-0.3616318648468144
-2.014793433743664,4.083838539519515
0.8254426980247955,-0.9738480030680059
-1.7185141171148666,2.8886449748908753
1.3365499911270327,-1.1903198199151221
-0.8832301795328098,0.6475104417807429
0.6992605976023732,-0.9095484117379855
-0.8510421529986493,0.5849132589943553
-1.9803625208272448,3.867214839889553
-2.7618216547807095,7.588360347790242
0.3911512931826412,-0.7384871186973713
-2.1706058238969357,4.6543301448820396
1.4875596853979338,-1.2588325942193364
1.65872098800661,-1.3187556554439273
4.128858253022207,-2.043821035108979
-1.8621634030133611,3.4049667962553127
8.947757201822812,-2.9771899784550055
5.977625424694274,-2.4524392090292295
-1.765706414315919,3.060787669087557
0.6265954643092775,-0.8703230923002022
-0.5415156241508388,0.09147283947597751
9.393689465466021,-3.0649988994263997
-0.0011411820496055047,-0.46936118035859514
-0.6608682737799993,0.2801406120726341
0.04071245458754341,-0.5003783714229275
0.10837576642503882,-0.5523021555252754
2.7142425076935988,-1.6697539457798765
-0.8590494770864988,0.6072218990824413
-0.3469469916606077,-0.14306490972596886
-2.366909319096828,5.550009037493157
6.925594488911602,-2.62384017561684
-0.7565813187431041,0.4198060224790338
-1.5462649613489117,2.312961115007434
-2.29876763294389,5.233059579789925
6.6838131074160785,-2.590520239295165
0.8159397050981785,-0.9672794338664568
3.220152702355951,-1.8070375414249096
-1.8967817605146893,3.564935473292474
-2.224564612142614,4.893408663405436
-1.1132845593767677,1.1300939215573047
9.022985717357546,-3.010568324945954
15.968063922073764,-3.9897958341902298
-0.9401476173924198,0.7583962973818271
10.655846531366386,-3.261591091749114
-2.099598257991305,4.350592297327818
21.21558035172829,-4.608307994942943
-1.3293657137325217,1.6867069995232382
-1.3451923191456596,1.7209052185377005
-2.711794440932766,7.309438204858672
-2.639766553010217,6.923174307683561
-2.5302408864840893,6.425497865053425
18.41600265976409,-4.28302537763831
0.5388620800745072,-0.8265203996373911
19.26026471041077,-4.38947315174936
4.287304934335804,-2.084089401776911
-2.188472333475612,4.738747618774508
20.13553901500515,-4.482029677983032
14.35669936202647,-3.7883720425997787
-1.371919054855242,1.7942356575814307
-2.163777077601482,4.630140759380303
11.50167295466612,-3.395844099565321
9.007201936619404,-3.007791734082155
4.004242749491014,-2.016094506513068
-1.6337932337802763,2.5969299358888747
-2.396545299537963,5.7119664949572115
6.403211391392741,-2.520793522684724
23.172433371836316,-4.813665038693235
18.110890962548318,-4.257504635421005
9.472658006152352,-3.079482278902108
1.063310017102049,-1.0836634744644562
6.568691293863109,-2.572386348620229
4.6495156189953,-2.1660367111354883
5.720640972931807,-2.4025981536360463
21.976538480101446,-4.6905358599588265
2.424479445274574,-1.581272767633583
4.567696570177816,-2.15045250914362
-2.151550329644984,4.580914518635077
-0.005434970438514319,-0.4645449147809786
1.8473934580952682,-1.3913535624556514
-0.026195186415142346,-0.44956852121374785
-1.9994514303910786,4.028181723142017
13.713839397405028,-3.6982915235451945
0.46004467571906793,-0.7809649111213018
-1.9441259641657513,3.7183498025686585
1.3375786402476644,-1.1930570815516894
-1.2789924403886235,1.603181838062272
-2.3885945272938334,5.654064076434308
0.2494354672189949,-0.6500277312909688
16.51907886731103,-4.067920460056033
-1.0669427424877103,1.0634370405416615
24.196075563292343,-4.918897232009982
6.225359334173388,-2.5050199455893414
16.372617330038505,-4.048790222243486
7.609999875117077,-2.7618336958349627
12.126522932932712,-3.4810841358248656
0.22767177137559147,-0.6369352007334056
19.72214414631291,-4.442807223657748
12.306571556713818,-3.503797113284412
21.28787604745338,-4.6152475564675095
11.034544608758148,-3.3230889816231293
6.827553287298322,-2.612324723483721
-0.6961217183285798,0.32609759530321325
2.4935295752785933,-1.5983692764754716
-1.4230848820571835,1.948451397402679
20.948671758625256,-4.5771839483437065
13.438032716739423,-3.6679383869471733
20.927168886791232,-4.572114638499727
2.056786536287588,-1.461217406013515
1.7084672851820404,-1.3415754095821004
0.11465304729267284,-0.5593550668523868
-0.24926745931537903,-0.2493790774897001
-1.6761502249390394,2.7353862434424414
0.6392979940729928,-0.8786667118452409
3.1898673850262615,-1.8048718037306453
6.944586532299263,-2.6439674539985205
14.30411532519701,-3.7831238951008146
-0.09460029561942102,-0.37410401951029043
-1.7894864517345246,3.1470816968902495
4.350026825358918,-2.096343745561526
-0.8280402332195882,0.5416098988768028
-1.4030361704988845,1.8843982042912815
-1.0789023773199002,1.0704897246757084
4.435535031469758,-2.119313983279326
-1.5501897366798396,2.324548372832992
1.9870177774005886,-1.428418286111424
-0.7355509852201222,0.3827341454445157
8.027806038348237,-2.840408569520837
4.510621531507481,-2.1274261231718365
-0.06099859819460374,-0.4223769620350748
-1.870933174316047,3.4390965622426335
3.2215481546089233,-1.8131379275710804
0.8283171611439806,-0.9759920961569074
2.890401009345636,-1.7177959869774881
-0.47527034516564315,0.004148245221964275
-0.6297794087807396,0.21615017959885735
3.267316161616808,-1.8263076841654764
-1.0461078225326206,0.9791663721106523
-0.06965152619911225,-0.41176456708976467
-1.5117368621871037,2.203861146347312
0.47743072265302716,-0.7917422973400271
12.837752107653198,-3.5869072898335594
-0.012716729205294153,-0.46209196433749233
0.34875038778405565,-0.704946813625799
3.4215054905053672,-1.8601687387317694
-1.6144459768705446,2.5329004748988746
7.802074897191166,-2.7970079030706074
-0.0593647280630642,-0.42244077858922263
-1.2676705547350402,1.5099711619511649
8.488318768422195,-2.912831587889902
3.6711339040025948,-1.9314694301339634
1.9193482848939305,-1.416139985826508
-0.3728071534607196,-0.11894827378001327
-0.7986709882462022,0.4907490695647968
1.3695954445931968,-1.2125473646086058
3.422170827511341,-1.8652266185221658
18.916806670948915,-4.34692253497488
0.20486775463482698,-0.6195387525895781
19.61850298900086,-4.432026213294804
-1.6021429289252536,2.5288263643542446
-1.2127759288417943,1.3789047278134263
-1.9799271679741521,3.8576647760024723
1.0595408540971811,-1.0782488154800087
0.32588591823370194,-0.7013098520280476
1.6053985768785266,-1.3028187868358228
14.30094107701847,-3.7812080628907596
21.070506433861322,-4.592839964957202
10.118702382552293,-3.1859852927332084
-1.6293856987748208,2.5833899638479787
16.950601050748055,-4.115817554733893
-0.9990348639469894,0.8818826602361782
-0.8858281212738939,0.6759827243191596
1.1776497812817432,-1.1329685572731252
18.57008723013703,-4.312128515602436
-2.7320299529860437,7.463546173096956
0.16513783958107114,-0.5946779242437146
3.3731359530381217,-1.854613637022515
-2.3499832149069046,5.477844487804577
-1.2439896040921647,1.4746695960486609
9.245239217440446,-3.045809001274504
-1.1813613971626444,1.2918079943320042
4.027325956947749,-2.022102064848177
5.410263664808,-2.3354455443906557
-0.38725906354686224,-0.10117780037981483
8.358870495607153,-2.898419716441036
3.1593273013026337,-1.794330818990802
20.85682468103033,-4.569532142462834
11.402588475690962,-3.382233099760306
-1.3637347292323323,1.7716220093109736
11.942123370803783,-3.4525765292708273
13.986406393216082,-3.74296342194024
2.404140089282926,-1.5731393057346386
11.014672421315524,-3.3147452568553915
8.296836068166863,-2.8745800449890098
1.022538450263246,-1.0661451250916447
5.096770091055683,-2.2603052099940415
5.409524281448725,-2.3272394781742194
3.5561742619621763,-1.9030043000867227
9.03272408632417,-3.010762851228607
8.055466409250247,-2.8435548783890146
-0.5376281927002652,0.08548615734553539
1.7781234285661014,-1.3629865199704283
3.2399150745195056,-1.8187690495765059
-2.4119862083513746,5.766180289282981
6.1125398276889715,-2.4824864409702134
-1.345197223954959,1.7370789999837493
-2.245512101790018,4.998479728915294
1.6454072147084262,-1.315412754514726
3.6153979000684187,-1.917780904424882
4.963875478950261,-2.2338828738461065
0.806348691105588,-0.9632285337074264
-0.9574671027983521,0.8050218090883364
15.837604270214767,-3.9758437870504606
1.7882441524652941,-1.3637889588876626
0.6154313960230077,-0.8650765837421756
16.440146835256368,-4.051085730800169
-2.1230056836860633,4.46179320822105
-2.2056794740369594,4.820284582370663
-2.4985241367701527,6.218847359027763
7.540789327304489,-2.7491100181398886
0.32292393664252184,-0.6987916191133532
-2.722174881716925,7.377391268519706
-1.9199194936614523,3.6215431723616436
-2.1248690780892616,4.4626690686958765
-0.2272627416960773,-0.26807649832341823
-2.181358774024107,4.708840283956858
-2.3357583478297195,5.459914435521789
-2.135493106182664,4.502341336155916
2.3798951875804017,-1.567507544288173
-1.4766710983933762,2.103935820373486
-2.8933393807982997,8.375578621027111
-2.483192062708394,6.116250442679439
-2.4944826562947133,6.215355949709383
-0.9180220987531005,0.7169400978486159
5.207349904156897,-2.2869206077515565
4.546774220887846,-2.145339697096782
11.642988615144489,-3.415765782261135
-0.39741198928683064,-0.0897367946173579
-0.3799847260377572,-0.10954865783402695
1.5709097491374582,-1.287486639310179
-1.7518380504573494,3.023972287246366
-1.6361536170181363,2.6045331406885124
-0.3352613394519991,-0.14497777215775232
12.614476984730011,-3.5561298697879944
-0.13536299116834122,-0.3567071325681118
18.852701413935602,-4.3303055860629325
-0.42281454412157415,-0.06074684286132592
20.47997374538872,-4.527842087033862
-1.5546156391970591,2.337493770063476
15.606600526319845,-3.9508523242301665
2.954699830495615,-1.737292321544655
-0.8333060395316149,0.5591350729188457
3.0434267107555915,-1.7643604712047691
-1.3463010483035456,1.7482825040712766
-1.877509867887892,3.4680807917345398
2.913582850337113,-1.727807937023338
1.649588189378425,-1.3185343837313412
14.2437653651827,-3.777505524259586
7.0273766610919335,-2.6548407722636425
11.806135998595108,-3.440678595697725
-2.406589620610251,5.73986690639568
-2.638647304828646,6.918101779375123
-2.806015420540255,7.881066460436169
17.87333373581979,-4.230962654152254
19.842342326114778,-4.455732271361081
-2.6512180866055384,6.984726062259618
6.661512249488524,-2.590271687164521
13.525646829980598,-3.681132441660158
10.43454980514356,-3.235822213116666
2.4669393246728677,-1.5909921933298046
24.172926522401607,-4.91812667938874
-2.3676717762017505,5.564525484464866
10.02077355737332,-3.1714323518136207
-0.03493803169293397,-0.44027962823542
-0.3828316218429792,-0.10530470726988667
4.137117730444765,-2.0464141776159543
13.473579501061954,-3.6744123142037655
16.588210439067304,-4.074778822619439
15.666411601639199,-3.961985420225583
13.856519208195499,-3.7257554861141564
4.0842808500390495,-2.0359580057880695
6.0190170050169565,-2.4628056012100505
-0.2625699350721384,-0.23073849409390268
6.3015500580307995,-2.5178674063421496
-1.823952203484434,3.296055946099706
17.234498140009983,-4.154125900389539
4.633377778921998,-2.1648666808239856
-1.0607655146920756,1.0131388658541725
14.604276910526846,-3.825565185090456
23.55081154304619,-4.855524007770399
24.935335431438787,-4.991709948940285
-2.8090078440424677,7.891816105056049
9.65951962013526,-3.114108664961496
19.948373245743074,-4.469128026879375
11.623485871817966,-3.411649850659411
-1.660008983434949,2.714771289789276
-1.8267335025969724,3.3293540864881304
8.106461329742304,-2.8531895899855515
0.18024736276484932,-0.6057145093698145
-0.8623207512423983,0.6159176824196926
9.67835092391793,-3.1171288193909534
5.700059163284038,-2.3981233193903604
5.424219441299265,-2.338497536392739
21.740237143993138,-4.664313082930984
-1.1003311181659017,1.1022968866723821
5.347197538354642,-2.3239312089944337
-0.9743491026378889,0.8431464962799001
-2.4141251965911783,5.781018597404529
7.436716614363347,-2.735350342273387
12.885889524783195,-3.5935901574543996
-2.147024940298847,4.5599551639520595
13.641033426880798,-3.69790065895816
0.6292957583899148,-0.8713839623590656
12.957906145735114,-3.6028160521981714
-1.7895436758268966,3.169064001449355
1.0962190241647045,-1.0922783277314618
0.023975939114654288,-0.48856967920731165
12.967359802970527,-3.605810493349589
20.43650766543726,-4.520152893862871
4.934063240223803,-2.2320041988823474
21.198255869087262,-4.605428929555543
1.754428785202238,-1.3555832137253736
9.97602575579076,-3.1646307016726403
4.5144314270593044,-2.137728525901924
10.636930579287117,-3.2441995469632006
9.10850985174666,-3.023918906634365
3.7107196165081393,-1.9414321037272746
23.078614715704912,-4.801980636133034
-1.2256772509787477,1.413421181273685
5.738883843580318,-2.4052050929934117
17.629290132523064,-4.2014654336764075
23.276286750947882,-4.822517846763143
-1.836743624099667,3.368931057703942
0.9162946782742025,-1.017733693999699
1.8065898400434985,-1.3706642098945752
1.3889525095957733,-1.2196007343445843
4.27558568377842,-2.078587037756283
2.1329473610494345,-1.477816233216964
-0.5303120854839913,0.0809368256859766
4.611036277372349,-2.160481087890202
-1.043466656662258,0.9720289035847371
10.378977204100082,-3.2213923788349534
1.0000441769889328,-1.0410271940214095
1.4517240747437044,-1.2436425475248076
20.756718149295526,-4.556225668124456
0.930257570966468,-1.0217105863035083
12.868734319295076,-3.5897638442226043
17.0817358048415,-4.1274573001501755
3.1323668576380927,-1.7893653229191582
-0.3105147614762279,-0.17509234066671786
2.043718323467344,-1.4588141841921856
8.95102138441369,-2.9935068793659214
-1.4466875655304257,2.0086149489345457
17.1180245119225,-4.140602192251284
16.320068981795483,-4.030848239482637
11.84994033933048,-3.4475038990013007
21.27598779696909,-4.612977134062034
5.979602744438755,-2.4533847023596933
17.08361858344764,-4.133666885839793
-0.11902359876593882,-0.36925172653736577
10.721786203058205,-3.2748221606956247
-0.11832753645047267,-0.37129315065513513
2.2806374049979716,-1.536420662842611
-1.601336483112229,2.486798740553848
0.5020053650797766,-0.8056441624631318
-2.9288606223663307,8.561266411161462
-1.6201795624316357,2.5700088767940636
1.357710842491193,-1.2079353806112139
0.6700900203108223,-0.8939139311392204
0.31632544280402486,-0.6953084269995417
-1.5966616937131597,2.472374223990827
4.380708542824928,-2.104046090879648
2.5729531140641924,-1.6243892752740308
6.524316853489549,-2.5637792721100885
22.134005190633093,-4.703612597167206
19.21046042334709,-4.384754960937892
3.4632690670543944,-1.8785832907795221
7.714550974668345,-2.7848887315125137
10.223491917593721,-3.203055539053494
21.956678735938944,-4.685826164581861
5.1163640038418166,-2.2738229877492833
3.3009039495539656,-1.8335233119753447
19.20183368559907,-4.376908911815866
22.674630589831487,-4.7645243049163275
9.223130683382253,-3.043605065844671
23.744344842955652,-4.8708318836784175
22.9584809238162,-4.789722540295917
0.18644297443793573,-0.6070846346270192
-1.3259092651460147,1.6672724581161387
23.842270776672585,-4.882343844206422
-0.30528270334159857,-0.18897464443360745
11.249103816207166,-3.3392542822479188
17.01517034607152,-4.11993040111294
4.297388965761265,-2.085128876351948
8.834673079466473,-2.9744533240343287
10.094697450660574,-3.1833425138414717
3.848527524270548,-1.9777416148359823
0.9046696753106555,-1.0082766557351077
-2.247607183273754,5.00071266778324
17.177283301334935,-4.1480405227772925
2.791979075217613,-1.6914821867527072
22.324992699977816,-4.717568488370523
1.8412002605425402,-1.3841344643452977
0.011789487327076908,-0.47827058792624955
5.210691655082091,-2.2945650188125377
3.7083221659531747,-1.9408312831625163
1.670091952194149,-1.3198529248494464
-1.7393697497134928,2.970565276064371
0.7201873704980117,-0.9113326092807701
-1.969815100705505,3.8221550741934305
-1.196123131249174,1.3320390590368487
-2.553230982506582,6.499462793206507
22.93198640607973,-4.785628060223393
-1.7765862309432252,3.097811199582893
11.613478912732443,-3.4037247232645638
-0.677669628576532,0.2889641149760327
0.29861197724387833,-0.6756894508820264
-1.9676380452889322,3.8085488152678777
-0.3088273755257942,-0.18768463979217237
6.424028072659344,-2.54147908630991
3.807145060998409,-1.9646865856524693
0.7624077300357539,-0.9334413422720599
0.6915948623639145,-0.8978259584431812
-0.6004241868096676,0.17896487752234236
-1.2392970717109941,1.449045341935198
-0.4220146760816142,-0.061083549651197444
1.184683995964507,-1.1357311441083995
-1.0913582272917137,1.0891818934022408
-1.8668948304080897,3.4276024504720692
-2.463550386969672,6.058720310865478
2.544518137654585,-1.6186336883830692
-1.3974508485482793,1.8649652064339552
1.0323637005917619,-1.0662304871463921
4.199093474879665,-2.056881319243466
